GeoFips,GeoName,2018,2019,2020
998,United States (Metropolitan Portion),18415353716,19221826248,18820861741
10180,"Abilene, TX (Metropolitan Statistical Area)",7276717,7702741,8132377
10420,"Akron, OH (Metropolitan Statistical Area)",37070620,38419839,37059832
10500,"Albany, GA (Metropolitan Statistical Area)",5738808,6039200,6018211
10540,"Albany-Lebanon, OR (Metropolitan Statistical Area)",4974680,5108617,5022852
10580,"Albany-Schenectady-Troy, NY (Metropolitan Statistical Area)",62395895,66573271,65751078
10740,"Albuquerque, NM (Metropolitan Statistical Area)",43087650,45332260,45055535
10780,"Alexandria, LA (Metropolitan Statistical Area)",6247139,6370389,6268966
10900,"Allentown-Bethlehem-Easton, PA-NJ (Metropolitan Statistical Area)",45374954,48131377,46741847
11020,"Altoona, PA (Metropolitan Statistical Area)",6039117,6312962,6130328
11100,"Amarillo, TX (Metropolitan Statistical Area)",13758372,14379268,14419528
11180,"Ames, IA (Metropolitan Statistical Area)",6610811,6842120,6875185
11260,"Anchorage, AK (Metropolitan Statistical Area)",26342495,26945314,25823682
11460,"Ann Arbor, MI (Metropolitan Statistical Area)",24936024,26150423,25818964
11500,"Anniston-Oxford, AL (Metropolitan Statistical Area)",4408069,4666985,4574641
11540,"Appleton, WI (Metropolitan Statistical Area)",14470242,15181287,14854357
11700,"Asheville, NC (Metropolitan Statistical Area)",21175703,22505958,21847054
12020,"Athens-Clarke County, GA (Metropolitan Statistical Area)",10392181,10707350,10476370
12060,"Atlanta-Sandy Springs-Alpharetta, GA (Metropolitan Statistical Area)",411660045,438936814,425443807
12100,"Atlantic City-Hammonton, NJ (Metropolitan Statistical Area)",13815609,14557816,13114102
12220,"Auburn-Opelika, AL (Metropolitan Statistical Area)",6139105,6538765,6641371
12260,"Augusta-Richmond County, GA-SC (Metropolitan Statistical Area)",28024812,29318212,29526180
12420,"Austin-Round Rock-Georgetown, TX (Metropolitan Statistical Area)",152851277,163889339,168435759
12540,"Bakersfield, CA (Metropolitan Statistical Area)",46923468,47506713,45185758
12580,"Baltimore-Columbia-Towson, MD (Metropolitan Statistical Area)",205653047,212887514,205810923
12620,"Bangor, ME (Metropolitan Statistical Area)",6645939,6955069,7011881
12700,"Barnstable Town, MA (Metropolitan Statistical Area)",13546025,14325097,13676996
12940,"Baton Rouge, LA (Metropolitan Statistical Area)",57916449,56021453,52787892
12980,"Battle Creek, MI (Metropolitan Statistical Area)",6506776,6629932,6592076
13020,"Bay City, MI (Metropolitan Statistical Area)",3680495,3674940,3721412
13140,"Beaumont-Port Arthur, TX (Metropolitan Statistical Area)",28083439,28063907,24464714
13220,"Beckley, WV (Metropolitan Statistical Area)",4146187,4332905,4133338
13380,"Bellingham, WA (Metropolitan Statistical Area)",13902762,14813673,13267688
13460,"Bend, OR (Metropolitan Statistical Area)",9988592,10761593,10843112
13740,"Billings, MT (Metropolitan Statistical Area)",11163925,10537603,10165215
13780,"Binghamton, NY (Metropolitan Statistical Area)",11136639,11560343,11246099
13820,"Birmingham-Hoover, AL (Metropolitan Statistical Area)",62720099,64592176,62830706
13900,"Bismarck, ND (Metropolitan Statistical Area)",7581651,7666497,7509735
13980,"Blacksburg-Christiansburg, VA (Metropolitan Statistical Area) *",7488880,7516883,7466868
14010,"Bloomington, IL (Metropolitan Statistical Area)",15016353,15092624,14820693
14020,"Bloomington, IN (Metropolitan Statistical Area)",7656942,7812402,7945215
14100,"Bloomsburg-Berwick, PA (Metropolitan Statistical Area)",4476830,4628786,4561237
14260,"Boise City, ID (Metropolitan Statistical Area)",34869541,36994992,37928422
14460,"Boston-Cambridge-Newton, MA-NH (Metropolitan Statistical Area)",462229528,488174288,480307073
14500,"Boulder, CO (Metropolitan Statistical Area) *",27852150,30147818,29682206
14540,"Bowling Green, KY (Metropolitan Statistical Area)",7100109,7491961,7359897
14740,"Bremerton-Silverdale-Port Orchard, WA (Metropolitan Statistical Area)",12529883,13048055,13449782
14860,"Bridgeport-Stamford-Norwalk, CT (Metropolitan Statistical Area)",94207250,95850369,92249059
15180,"Brownsville-Harlingen, TX (Metropolitan Statistical Area)",11078401,11675336,11942967
15260,"Brunswick, GA (Metropolitan Statistical Area)",4722326,4774425,4662937
15380,"Buffalo-Cheektowaga, NY (Metropolitan Statistical Area)",68263843,71357157,69877317
15500,"Burlington, NC (Metropolitan Statistical Area)",6242008,6580346,6573093
15540,"Burlington-South Burlington, VT (Metropolitan Statistical Area)",13874021,14406461,14058826
15680,"California-Lexington Park, MD (Metropolitan Statistical Area)",7527875,7837178,8150825
15940,"Canton-Massillon, OH (Metropolitan Statistical Area)",18634559,18908490,18019229
15980,"Cape Coral-Fort Myers, FL (Metropolitan Statistical Area)",33030833,34506468,34536218
16020,"Cape Girardeau, MO-IL (Metropolitan Statistical Area)",4555570,4599903,4573192
16060,"Carbondale-Marion, IL (Metropolitan Statistical Area)",5889912,5970025,5772869
16180,"Carson City, NV (Metropolitan Statistical Area)",3630374,3898482,3895773
16220,"Casper, WY (Metropolitan Statistical Area)",6193566,6232159,5576522
16300,"Cedar Rapids, IA (Metropolitan Statistical Area)",18669709,18474959,18536077
16540,"Chambersburg-Waynesboro, PA (Metropolitan Statistical Area)",6439778,6552643,6283987
16580,"Champaign-Urbana, IL (Metropolitan Statistical Area)",11726510,11971268,12008266
16620,"Charleston, WV (Metropolitan Statistical Area)",13648841,13170588,12653586
16700,"Charleston-North Charleston, SC (Metropolitan Statistical Area)",43404063,46191045,45592224
16740,"Charlotte-Concord-Gastonia, NC-SC (Metropolitan Statistical Area)",175993277,184482639,184818577
16820,"Charlottesville, VA (Metropolitan Statistical Area) *",14054307,14403538,14183665
16860,"Chattanooga, TN-GA (Metropolitan Statistical Area)",29908897,31079663,31256189
16940,"Cheyenne, WY (Metropolitan Statistical Area)",5814779,6114229,5822265
16980,"Chicago-Naperville-Elgin, IL-IN-WI (Metropolitan Statistical Area)",701954968,721906950,692988237
17020,"Chico, CA (Metropolitan Statistical Area)",9500527,9893227,9461454
17140,"Cincinnati, OH-KY-IN (Metropolitan Statistical Area)",147216320,155975384,152618516
17300,"Clarksville, TN-KY (Metropolitan Statistical Area)",12550113,13009385,13091330
17420,"Cleveland, TN (Metropolitan Statistical Area)",4745656,4841179,4910599
17460,"Cleveland-Elyria, OH (Metropolitan Statistical Area)",131869832,137159236,133625837
17660,"Coeur d'Alene, ID (Metropolitan Statistical Area)",6501148,6753391,6798702
17780,"College Station-Bryan, TX (Metropolitan Statistical Area)",13799982,14150273,13601993
17820,"Colorado Springs, CO (Metropolitan Statistical Area)",36655857,38646470,39502377
17860,"Columbia, MO (Metropolitan Statistical Area)",10201147,10853603,11119352
17900,"Columbia, SC (Metropolitan Statistical Area)",42300244,43886301,44358414
17980,"Columbus, GA-AL (Metropolitan Statistical Area)",14797977,15360162,15459426
18020,"Columbus, IN (Metropolitan Statistical Area)",6867450,7034455,6639828
18140,"Columbus, OH (Metropolitan Statistical Area)",131461913,137648916,137259944
18580,"Corpus Christi, TX (Metropolitan Statistical Area)",23399722,23922537,22320491
18700,"Corvallis, OR (Metropolitan Statistical Area)",4648467,4759249,4751657
18880,"Crestview-Fort Walton Beach-Destin, FL (Metropolitan Statistical Area)",15045683,16324457,16677447
19060,"Cumberland, MD-WV (Metropolitan Statistical Area)",3840078,3940844,3905447
19100,"Dallas-Fort Worth-Arlington, TX (Metropolitan Statistical Area)",511962537,540633961,534807251
19140,"Dalton, GA (Metropolitan Statistical Area)",7005960,7205178,7095087
19180,"Danville, IL (Metropolitan Statistical Area)",3310257,3365096,3330069
19300,"Daphne-Fairhope-Foley, AL (Metropolitan Statistical Area)",7800827,8416995,8484931
19340,"Davenport-Moline-Rock Island, IA-IL (Metropolitan Statistical Area)",21680892,22297014,22113191
19430,"Dayton-Kettering, OH (Metropolitan Statistical Area)",43757047,45834105,45157246
19460,"Decatur, AL (Metropolitan Statistical Area)",6347553,6498273,6527140
19500,"Decatur, IL (Metropolitan Statistical Area)",6825886,6807531,6660252
19660,"Deltona-Daytona Beach-Ormond Beach, FL (Metropolitan Statistical Area)",21514570,22505142,22808084
19740,"Denver-Aurora-Lakewood, CO (Metropolitan Statistical Area) *",213146127,227259597,223145760
19780,"Des Moines-West Des Moines, IA (Metropolitan Statistical Area)",52055782,54172959,56234885
19820,"Detroit-Warren-Dearborn, MI (Metropolitan Statistical Area)",262062996,266607882,254533015
20020,"Dothan, AL (Metropolitan Statistical Area)",6496022,6810109,6678286
20100,"Dover, DE (Metropolitan Statistical Area)",8012921,8830822,8973785
20220,"Dubuque, IA (Metropolitan Statistical Area)",6506459,6874113,6816868
20260,"Duluth, MN-WI (Metropolitan Statistical Area)",14537707,15048726,14202288
20500,"Durham-Chapel Hill, NC (Metropolitan Statistical Area)",50402959,53611450,55041853
20700,"East Stroudsburg, PA (Metropolitan Statistical Area)",7604065,8000539,7771702
20740,"Eau Claire, WI (Metropolitan Statistical Area)",9222217,9658901,9582473
20940,"El Centro, CA (Metropolitan Statistical Area)",8220162,8742543,8566860
21060,"Elizabethtown-Fort Knox, KY (Metropolitan Statistical Area)",5901181,6218880,6223848
21140,"Elkhart-Goshen, IN (Metropolitan Statistical Area)",16374829,16009758,16108000
21300,"Elmira, NY (Metropolitan Statistical Area)",3887983,3970442,3869163
21340,"El Paso, TX (Metropolitan Statistical Area)",31956710,34008568,34114414
21420,"Enid, OK (Metropolitan Statistical Area)",2696225,2704384,2586642
21500,"Erie, PA (Metropolitan Statistical Area)",11791733,12218579,11784140
21660,"Eugene-Springfield, OR (Metropolitan Statistical Area)",16492411,16825091,16578944
21780,"Evansville, IN-KY (Metropolitan Statistical Area)",19067718,19875895,18946090
21820,"Fairbanks, AK (Metropolitan Statistical Area)",5928508,6027951,5950242
22020,"Fargo, ND-MN (Metropolitan Statistical Area)",15056390,15731888,15729686
22140,"Farmington, NM (Metropolitan Statistical Area)",5593231,5699778,5327081
22180,"Fayetteville, NC (Metropolitan Statistical Area)",21089837,22112809,22304899
22220,"Fayetteville-Springdale-Rogers, AR (Metropolitan Statistical Area)",26580208,27827471,28674482
22380,"Flagstaff, AZ (Metropolitan Statistical Area)",8027128,7948956,7548517
22420,"Flint, MI (Metropolitan Statistical Area)",16263580,16695711,16121115
22500,"Florence, SC (Metropolitan Statistical Area)",9758021,10140701,10055859
22520,"Florence-Muscle Shoals, AL (Metropolitan Statistical Area)",5337165,5395654,5406458
22540,"Fond du Lac, WI (Metropolitan Statistical Area)",5266458,5486674,5317086
22660,"Fort Collins, CO (Metropolitan Statistical Area)",19836875,21344787,21593417
22900,"Fort Smith, AR-OK (Metropolitan Statistical Area)",9554659,9928381,9961729
23060,"Fort Wayne, IN (Metropolitan Statistical Area)",23397852,23779694,23207491
23420,"Fresno, CA (Metropolitan Statistical Area)",44073282,46177593,45932182
23460,"Gadsden, AL (Metropolitan Statistical Area)",3175436,3170226,3012955
23540,"Gainesville, FL (Metropolitan Statistical Area)",15201940,15998571,16479968
23580,"Gainesville, GA (Metropolitan Statistical Area)",11104232,11805734,11879587
23900,"Gettysburg, PA (Metropolitan Statistical Area)",4043495,4070126,3968843
24020,"Glens Falls, NY (Metropolitan Statistical Area)",6448939,6932072,6791778
24140,"Goldsboro, NC (Metropolitan Statistical Area)",4986431,5146501,5090029
24220,"Grand Forks, ND-MN (Metropolitan Statistical Area)",5501041,5676219,5813472
24260,"Grand Island, NE (Metropolitan Statistical Area)",4144418,4290677,4290790
24300,"Grand Junction, CO (Metropolitan Statistical Area)",6640236,6864880,6776747
24340,"Grand Rapids-Kentwood, MI (Metropolitan Statistical Area)",61287816,62728109,61371686
24420,"Grants Pass, OR (Metropolitan Statistical Area)",2828218,3080938,3048409
24500,"Great Falls, MT (Metropolitan Statistical Area)",3869281,3833159,3770219
24540,"Greeley, CO (Metropolitan Statistical Area) *",21821567,21080910,16710143
24580,"Green Bay, WI (Metropolitan Statistical Area)",20695349,21151896,20484193
24660,"Greensboro-High Point, NC (Metropolitan Statistical Area)",41976708,42922463,42033244
24780,"Greenville, NC (Metropolitan Statistical Area)",9589743,9820411,9674795
24860,"Greenville-Anderson, SC (Metropolitan Statistical Area)",46048066,47716138,47585915
25060,"Gulfport-Biloxi, MS (Metropolitan Statistical Area)",17835516,18371548,17814654
25180,"Hagerstown-Martinsburg, MD-WV (Metropolitan Statistical Area)",11706245,12003530,11764929
25220,"Hammond, LA (Metropolitan Statistical Area)",4246294,4402020,4494000
25260,"Hanford-Corcoran, CA (Metropolitan Statistical Area)",6220603,6527293,6857784
25420,"Harrisburg-Carlisle, PA (Metropolitan Statistical Area)",39596831,41594127,40262653
25500,"Harrisonburg, VA (Metropolitan Statistical Area) *",7847281,8197277,8355784
25540,"Hartford-East Hartford-Middletown, CT (Metropolitan Statistical Area)",101973298,104286433,99311154
25620,"Hattiesburg, MS (Metropolitan Statistical Area)",6304930,6351284,6371228
25860,"Hickory-Lenoir-Morganton, NC (Metropolitan Statistical Area)",15278316,15476610,15150170
25940,"Hilton Head Island-Bluffton, SC (Metropolitan Statistical Area)",9165629,9731739,9925253
25980,"Hinesville, GA (Metropolitan Statistical Area)",3905243,4032278,4050238
26140,"Homosassa Springs, FL (Metropolitan Statistical Area)",3996794,4528701,4551508
26300,"Hot Springs, AR (Metropolitan Statistical Area)",3431573,3525416,3513952
26380,"Houma-Thibodaux, LA (Metropolitan Statistical Area)",9691036,9723328,8870717
26420,"Houston-The Woodlands-Sugar Land, TX (Metropolitan Statistical Area)",505889766,509311540,488164627
26580,"Huntington-Ashland, WV-KY-OH (Metropolitan Statistical Area)",16178609,16281415,15491288
26620,"Huntsville, AL (Metropolitan Statistical Area)",28763761,30621167,30867880
26820,"Idaho Falls, ID (Metropolitan Statistical Area)",7465261,8508451,8585233
26900,"Indianapolis-Carmel-Anderson, IN (Metropolitan Statistical Area)",141714663,148366536,146933907
26980,"Iowa City, IA (Metropolitan Statistical Area)",10959528,11254655,10982853
27060,"Ithaca, NY (Metropolitan Statistical Area)",6429880,6647546,6412558
27100,"Jackson, MI (Metropolitan Statistical Area)",6454057,6898712,6830637
27140,"Jackson, MS (Metropolitan Statistical Area)",27668736,28163999,28092473
27180,"Jackson, TN (Metropolitan Statistical Area)",8489260,8627565,8517214
27260,"Jacksonville, FL (Metropolitan Statistical Area)",83688402,89388127,91023328
27340,"Jacksonville, NC (Metropolitan Statistical Area)",7788147,8073779,8094177
27500,"Janesville-Beloit, WI (Metropolitan Statistical Area)",7324677,7850733,7840914
27620,"Jefferson City, MO (Metropolitan Statistical Area)",7865454,8432031,8661950
27740,"Johnson City, TN (Metropolitan Statistical Area)",7467011,7829264,7942061
27780,"Johnstown, PA (Metropolitan Statistical Area)",4858966,4942491,4952002
27860,"Jonesboro, AR (Metropolitan Statistical Area)",5300521,5623224,5670636
27900,"Joplin, MO (Metropolitan Statistical Area)",7853313,7862772,7707467
27980,"Kahului-Wailuku-Lahaina, HI (Metropolitan Statistical Area)",10473501,10853679,8704375
28020,"Kalamazoo-Portage, MI (Metropolitan Statistical Area)",14289278,14723290,14197267
28100,"Kankakee, IL (Metropolitan Statistical Area)",6355947,6643117,6621871
28140,"Kansas City, MO-KS (Metropolitan Statistical Area)",136891092,143143828,142503483
28420,"Kennewick-Richland, WA (Metropolitan Statistical Area)",15503439,16437128,16429467
28660,"Killeen-Temple, TX (Metropolitan Statistical Area)",18797751,19594041,20175992
28700,"Kingsport-Bristol, TN-VA (Metropolitan Statistical Area) *",13697662,13583832,13294896
28740,"Kingston, NY (Metropolitan Statistical Area)",7575427,7945938,7742382
28940,"Knoxville, TN (Metropolitan Statistical Area)",43798438,45756311,45645101
29020,"Kokomo, IN (Metropolitan Statistical Area)",4330222,4342878,4182429
29100,"La Crosse-Onalaska, WI-MN (Metropolitan Statistical Area)",8175947,8500763,8374165
29180,"Lafayette, LA (Metropolitan Statistical Area)",21708605,21938152,20565626
29200,"Lafayette-West Lafayette, IN (Metropolitan Statistical Area)",11673150,11948103,11968431
29340,"Lake Charles, LA (Metropolitan Statistical Area)",18052699,17898830,15054177
29420,"Lake Havasu City-Kingman, AZ (Metropolitan Statistical Area)",5506967,5850997,6036445
29460,"Lakeland-Winter Haven, FL (Metropolitan Statistical Area)",26808600,28461492,29339334
29540,"Lancaster, PA (Metropolitan Statistical Area)",29941809,30840646,29934068
29620,"Lansing-East Lansing, MI (Metropolitan Statistical Area)",26228207,26915561,26518820
29700,"Laredo, TX (Metropolitan Statistical Area)",11240615,11313368,10219514
29740,"Las Cruces, NM (Metropolitan Statistical Area)",7511256,7857860,7632409
29820,"Las Vegas-Henderson-Paradise, NV (Metropolitan Statistical Area)",122797372,131294377,119386931
29940,"Lawrence, KS (Metropolitan Statistical Area)",5165016,5301479,5172020
30020,"Lawton, OK (Metropolitan Statistical Area)",5200783,5301419,5308623
30140,"Lebanon, PA (Metropolitan Statistical Area)",6133832,6281818,6232525
30300,"Lewiston, ID-WA (Metropolitan Statistical Area)",2731075,2906415,2939792
30340,"Lewiston-Auburn, ME (Metropolitan Statistical Area)",4707626,4916913,4993212
30460,"Lexington-Fayette, KY (Metropolitan Statistical Area)",29558417,30569070,29785109
30620,"Lima, OH (Metropolitan Statistical Area)",8295714,8345964,8116399
30700,"Lincoln, NE (Metropolitan Statistical Area)",20147779,20875274,21155138
30780,"Little Rock-North Little Rock-Conway, AR (Metropolitan Statistical Area)",37406052,38675428,38581063
30860,"Logan, UT-ID (Metropolitan Statistical Area)",5936085,6331766,6598103
30980,"Longview, TX (Metropolitan Statistical Area)",15724302,15722081,14440759
31020,"Longview, WA (Metropolitan Statistical Area)",4990755,5372610,5316825
31080,"Los Angeles-Long Beach-Anaheim, CA (Metropolitan Statistical Area)",1006224798,1055570390,1007037066
31140,"Louisville/Jefferson County, KY-IN (Metropolitan Statistical Area)",71927092,74921053,74308945
31180,"Lubbock, TX (Metropolitan Statistical Area)",14294725,14918116,15008301
31340,"Lynchburg, VA (Metropolitan Statistical Area) *",10767947,11018549,10662302
31420,"Macon-Bibb County, GA (Metropolitan Statistical Area)",11227234,11272999,10792896
31460,"Madera, CA (Metropolitan Statistical Area)",6143266,6457150,6544075
31540,"Madison, WI (Metropolitan Statistical Area)",49404449,51773831,51475512
31700,"Manchester-Nashua, NH (Metropolitan Statistical Area)",27206451,28298242,28848611
31740,"Manhattan, KS (Metropolitan Statistical Area)",7208294,7148709,7248547
31860,"Mankato, MN (Metropolitan Statistical Area)",5740137,5827629,5821746
31900,"Mansfield, OH (Metropolitan Statistical Area)",4756629,4814760,4721110
32580,"McAllen-Edinburg-Mission, TX (Metropolitan Statistical Area)",21488323,22529550,22908324
32780,"Medford, OR (Metropolitan Statistical Area)",9296625,9666326,9592783
32820,"Memphis, TN-MS-AR (Metropolitan Statistical Area)",75275028,77380149,77274523
32900,"Merced, CA (Metropolitan Statistical Area)",9207334,9512032,9635342
33100,"Miami-Fort Lauderdale-Pompano Beach, FL (Metropolitan Statistical Area)",360229870,376603207,365051489
33140,"Michigan City-La Porte, IN (Metropolitan Statistical Area)",4376163,4276544,4204186
33220,"Midland, MI (Metropolitan Statistical Area)",5648792,5405461,5264143
33260,"Midland, TX (Metropolitan Statistical Area)",31784033,33276504,21823909
33340,"Milwaukee-Waukesha, WI (Metropolitan Statistical Area)",101719394,105601246,102400733
33460,"Minneapolis-St. Paul-Bloomington, MN-WI (Metropolitan Statistical Area)",271255004,278263825,270282128
33540,"Missoula, MT (Metropolitan Statistical Area)",5596205,5878743,5905841
33660,"Mobile, AL (Metropolitan Statistical Area)",21429785,21924124,21123821
33700,"Modesto, CA (Metropolitan Statistical Area)",23138910,24042666,24203279
33740,"Monroe, LA (Metropolitan Statistical Area)",8532964,8404194,8171854
33780,"Monroe, MI (Metropolitan Statistical Area)",6007602,6246110,5991777
33860,"Montgomery, AL (Metropolitan Statistical Area)",18375939,18756175,18527675
34060,"Morgantown, WV (Metropolitan Statistical Area)",7876625,7857656,7738052
34100,"Morristown, TN (Metropolitan Statistical Area)",5099171,5359558,5335071
34580,"Mount Vernon-Anacortes, WA (Metropolitan Statistical Area)",7303513,7279506,6752967
34620,"Muncie, IN (Metropolitan Statistical Area)",4102070,4221491,4246628
34740,"Muskegon, MI (Metropolitan Statistical Area)",6197858,6298098,6013588
34820,"Myrtle Beach-Conway-North Myrtle Beach, SC-NC (Metropolitan Statistical Area)",18417190,19208170,19075327
34900,"Napa, CA (Metropolitan Statistical Area)",11100761,11496842,11239687
34940,"Naples-Marco Island, FL (Metropolitan Statistical Area)",20085524,20962820,21082482
34980,"Nashville-Davidson--Murfreesboro--Franklin, TN (Metropolitan Statistical Area)",133679614,141822070,136058470
35100,"New Bern, NC (Metropolitan Statistical Area)",5296365,5670206,5659428
35300,"New Haven-Milford, CT (Metropolitan Statistical Area)",51684784,53831573,53026077
35380,"New Orleans-Metairie, LA (Metropolitan Statistical Area)",82668771,83271870,76382297
35620,"New York-Newark-Jersey City, NY-NJ-PA (Metropolitan Statistical Area)",1790858079,1872165505,1809323397
35660,"Niles, MI (Metropolitan Statistical Area)",7809664,7830748,7987051
35840,"North Port-Sarasota-Bradenton, FL (Metropolitan Statistical Area)",36713701,38982640,39485822
35980,"Norwich-New London, CT (Metropolitan Statistical Area)",19579007,20099309,18177091
36100,"Ocala, FL (Metropolitan Statistical Area)",10329376,10869018,11373344
36140,"Ocean City, NJ (Metropolitan Statistical Area)",5652959,5859643,5624958
36220,"Odessa, TX (Metropolitan Statistical Area)",12353703,12805007,10194042
36260,"Ogden-Clearfield, UT (Metropolitan Statistical Area)",29163155,30710271,31526651
36420,"Oklahoma City, OK (Metropolitan Statistical Area)",81863326,81388426,74398350
36500,"Olympia-Lacey-Tumwater, WA (Metropolitan Statistical Area)",13936088,14565474,14635606
36540,"Omaha-Council Bluffs, NE-IA (Metropolitan Statistical Area)",65768968,68413066,69122853
36740,"Orlando-Kissimmee-Sanford, FL (Metropolitan Statistical Area)",141109938,150157631,144096225
36780,"Oshkosh-Neenah, WI (Metropolitan Statistical Area)",10525196,10932180,10585424
36980,"Owensboro, KY (Metropolitan Statistical Area)",5810856,5859789,5700114
37100,"Oxnard-Thousand Oaks-Ventura, CA (Metropolitan Statistical Area)",51511950,53914259,53218972
37340,"Palm Bay-Melbourne-Titusville, FL (Metropolitan Statistical Area)",25820039,27363334,27692408
37460,"Panama City, FL (Metropolitan Statistical Area)",8664607,9011038,9090224
37620,"Parkersburg-Vienna, WV (Metropolitan Statistical Area)",3681827,3655593,3567244
37860,"Pensacola-Ferry Pass-Brent, FL (Metropolitan Statistical Area)",20602272,21632001,21970338
37900,"Peoria, IL (Metropolitan Statistical Area)",22943235,22575616,21644103
37980,"Philadelphia-Camden-Wilmington, PA-NJ-DE-MD (Metropolitan Statistical Area)",435423852,450742192,439055118
38060,"Phoenix-Mesa-Chandler, AZ (Metropolitan Statistical Area)",259286475,276914305,281004837
38220,"Pine Bluff, AR (Metropolitan Statistical Area)",3470775,3504426,3435776
38300,"Pittsburgh, PA (Metropolitan Statistical Area)",154553043,160161803,153369717
38340,"Pittsfield, MA (Metropolitan Statistical Area)",7411883,7418395,7099411
38540,"Pocatello, ID (Metropolitan Statistical Area)",3256728,3402506,3489082
38860,"Portland-South Portland, ME (Metropolitan Statistical Area)",32620478,34097680,34442672
38900,"Portland-Vancouver-Hillsboro, OR-WA (Metropolitan Statistical Area)",164119677,170986486,168380262
38940,"Port St. Lucie, FL (Metropolitan Statistical Area)",17701851,18414668,18657514
39100,"Poughkeepsie-Newburgh-Middletown, NY (Metropolitan Statistical Area)",33353619,35607314,35438566
39150,"Prescott Valley-Prescott, AZ (Metropolitan Statistical Area)",7454731,7688399,7804778
39300,"Providence-Warwick, RI-MA (Metropolitan Statistical Area)",85790104,89290045,87849701
39340,"Provo-Orem, UT (Metropolitan Statistical Area)",27750229,30812463,31872768
39380,"Pueblo, CO (Metropolitan Statistical Area)",6315851,6655712,6493531
39460,"Punta Gorda, FL (Metropolitan Statistical Area)",5540315,5918689,6072767
39540,"Racine, WI (Metropolitan Statistical Area)",8449537,8566653,8440613
39580,"Raleigh-Cary, NC (Metropolitan Statistical Area)",91849000,96614386,95324468
39660,"Rapid City, SD (Metropolitan Statistical Area)",6436641,6719328,6859319
39740,"Reading, PA (Metropolitan Statistical Area)",20649724,21127438,20417217
39820,"Redding, CA (Metropolitan Statistical Area)",8163949,8808341,8698893
39900,"Reno, NV (Metropolitan Statistical Area)",29112257,30986178,31772424
40060,"Richmond, VA (Metropolitan Statistical Area) *",86980083,90771910,90519855
40140,"Riverside-San Bernardino-Ontario, CA (Metropolitan Statistical Area)",179056726,190584391,190300489
40220,"Roanoke, VA (Metropolitan Statistical Area) *",16516194,16697662,16596290
40340,"Rochester, MN (Metropolitan Statistical Area)",13858331,14288212,14190352
40380,"Rochester, NY (Metropolitan Statistical Area)",62272023,65333130,64369068
40420,"Rockford, IL (Metropolitan Statistical Area)",16568631,16792938,15686898
40580,"Rocky Mount, NC (Metropolitan Statistical Area)",6822232,6762339,6631218
40660,"Rome, GA (Metropolitan Statistical Area)",4188452,4226201,4094372
40900,"Sacramento-Roseville-Folsom, CA (Metropolitan Statistical Area)",138347080,146369656,145411908
40980,"Saginaw, MI (Metropolitan Statistical Area)",8499098,8831299,8498872
41060,"St. Cloud, MN (Metropolitan Statistical Area)",10865013,11129860,11042489
41100,"St. George, UT (Metropolitan Statistical Area)",6600413,7049244,7295477
41140,"St. Joseph, MO-KS (Metropolitan Statistical Area)",6028957,6329000,6308754
41180,"St. Louis, MO-IL (Metropolitan Statistical Area)",170039450,175382470,171493444
41420,"Salem, OR (Metropolitan Statistical Area)",18225345,19129999,19246017
41500,"Salinas, CA (Metropolitan Statistical Area)",27129686,28505134,27120792
41540,"Salisbury, MD-DE (Metropolitan Statistical Area)",21976529,23214822,22603911
41620,"Salt Lake City, UT (Metropolitan Statistical Area)",96991761,103149655,103913007
41660,"San Angelo, TX (Metropolitan Statistical Area)",7062444,7448080,6867459
41700,"San Antonio-New Braunfels, TX (Metropolitan Statistical Area)",126383780,132237441,132116439
41740,"San Diego-Chula Vista-Carlsbad, CA (Metropolitan Statistical Area)",232579152,242950042,240411072
41860,"San Francisco-Oakland-Berkeley, CA (Metropolitan Statistical Area)",562046311,595294620,588335543
41940,"San Jose-Sunnyvale-Santa Clara, CA (Metropolitan Statistical Area)",317764160,341535161,360511397
42020,"San Luis Obispo-Paso Robles, CA (Metropolitan Statistical Area)",17605794,18143296,18010542
42100,"Santa Cruz-Watsonville, CA (Metropolitan Statistical Area)",14746118,16091572,15844973
42140,"Santa Fe, NM (Metropolitan Statistical Area)",7163466,7321953,6873908
42200,"Santa Maria-Santa Barbara, CA (Metropolitan Statistical Area)",29114688,29893355,29697904
42220,"Santa Rosa-Petaluma, CA (Metropolitan Statistical Area)",30770916,31656194,31247324
42340,"Savannah, GA (Metropolitan Statistical Area)",21769457,22943785,21972301
42540,"Scranton--Wilkes-Barre, PA (Metropolitan Statistical Area)",27445871,28492937,27401877
42660,"Seattle-Tacoma-Bellevue, WA (Metropolitan Statistical Area)",393634702,419475451,426939963
42680,"Sebastian-Vero Beach, FL (Metropolitan Statistical Area)",6747852,7176706,7020432
42700,"Sebring-Avon Park, FL (Metropolitan Statistical Area)",2465287,2680899,2705451
43100,"Sheboygan, WI (Metropolitan Statistical Area)",7293276,7332051,7231951
43300,"Sherman-Denison, TX (Metropolitan Statistical Area)",5130317,5273226,5354786
43340,"Shreveport-Bossier City, LA (Metropolitan Statistical Area)",21941891,21698724,19320925
43420,"Sierra Vista-Douglas, AZ (Metropolitan Statistical Area)",4651051,4855035,5224460
43580,"Sioux City, IA-NE-SD (Metropolitan Statistical Area)",8498099,8740101,8891121
43620,"Sioux Falls, SD (Metropolitan Statistical Area)",22149514,23604298,23357987
43780,"South Bend-Mishawaka, IN-MI (Metropolitan Statistical Area)",15467023,16136196,15502941
43900,"Spartanburg, SC (Metropolitan Statistical Area)",15384716,16449963,16458704
44060,"Spokane-Spokane Valley, WA (Metropolitan Statistical Area)",27115183,28523491,28511612
44100,"Springfield, IL (Metropolitan Statistical Area)",11899486,12144807,11662292
44140,"Springfield, MA (Metropolitan Statistical Area)",34075265,35373387,34312400
44180,"Springfield, MO (Metropolitan Statistical Area)",20298741,21573068,21523039
44220,"Springfield, OH (Metropolitan Statistical Area)",4682689,4799463,4665667
44300,"State College, PA (Metropolitan Statistical Area)",9063561,9377461,9089210
44420,"Staunton, VA (Metropolitan Statistical Area) *",5209937,5380563,5409818
44700,"Stockton, CA (Metropolitan Statistical Area)",30498417,32207958,32517528
44940,"Sumter, SC (Metropolitan Statistical Area)",4808831,4956076,5052221
45060,"Syracuse, NY (Metropolitan Statistical Area)",40829794,42521610,41851253
45220,"Tallahassee, FL (Metropolitan Statistical Area)",17471652,18332709,18333468
45300,"Tampa-St. Petersburg-Clearwater, FL (Metropolitan Statistical Area)",159127777,168393558,169269540
45460,"Terre Haute, IN (Metropolitan Statistical Area)",7596997,7715979,7727772
45500,"Texarkana, TX-AR (Metropolitan Statistical Area)",5514725,5651556,5637885
45540,"The Villages, FL (Metropolitan Statistical Area)",3555803,4396497,4663965
45780,"Toledo, OH (Metropolitan Statistical Area)",37180046,38529606,36675414
45820,"Topeka, KS (Metropolitan Statistical Area)",12064866,12087325,12409735
45940,"Trenton-Princeton, NJ (Metropolitan Statistical Area)",33614679,38210871,38268966
46060,"Tucson, AZ (Metropolitan Statistical Area)",44251372,46038362,45170394
46140,"Tulsa, OK (Metropolitan Statistical Area)",57293965,58040221,53693414
46220,"Tuscaloosa, AL (Metropolitan Statistical Area)",11655904,12246189,11570954
46300,"Twin Falls, ID (Metropolitan Statistical Area)",4878607,5067043,4982759
46340,"Tyler, TX (Metropolitan Statistical Area)",11280244,11800304,11666322
46520,"Urban Honolulu, HI (Metropolitan Statistical Area)",66927296,67586072,62123839
46540,"Utica-Rome, NY (Metropolitan Statistical Area)",13031692,13758844,13433882
46660,"Valdosta, GA (Metropolitan Statistical Area)",5574129,5936453,6009490
46700,"Vallejo, CA (Metropolitan Statistical Area)",24819488,27522987,27618325
47020,"Victoria, TX (Metropolitan Statistical Area)",4872252,4876451,4460486
47220,"Vineland-Bridgeton, NJ (Metropolitan Statistical Area)",6652055,6755751,6703553
47260,"Virginia Beach-Norfolk-Newport News, VA-NC (Metropolitan Statistical Area) *",94641789,98050262,96337221
47300,"Visalia, CA (Metropolitan Statistical Area)",17810577,18884066,18980160
47380,"Waco, TX (Metropolitan Statistical Area)",13492969,14014228,13864365
47460,"Walla Walla, WA (Metropolitan Statistical Area)",3601836,3641673,3433648
47580,"Warner Robins, GA (Metropolitan Statistical Area)",7855690,8319888,8398737
47900,"Washington-Arlington-Alexandria, DC-VA-MD-WV (Metropolitan Statistical Area) *",547123109,566892038,561027941
47940,"Waterloo-Cedar Falls, IA (Metropolitan Statistical Area)",9738623,9840609,9770738
48060,"Watertown-Fort Drum, NY (Metropolitan Statistical Area)",6482001,6566607,6538675
48140,"Wausau-Weston, WI (Metropolitan Statistical Area)",10030203,10586394,10262362
48260,"Weirton-Steubenville, WV-OH (Metropolitan Statistical Area)",5439800,5721009,5370775
48300,"Wenatchee, WA (Metropolitan Statistical Area)",6604473,6652347,6709091
48540,"Wheeling, WV-OH (Metropolitan Statistical Area)",10241718,9813435,8989904
48620,"Wichita, KS (Metropolitan Statistical Area)",37015154,38243374,36321604
48660,"Wichita Falls, TX (Metropolitan Statistical Area)",6276656,6613793,6432554
48700,"Williamsport, PA (Metropolitan Statistical Area)",5934930,6015121,5764038
48900,"Wilmington, NC (Metropolitan Statistical Area)",14789089,15849704,15951810
49020,"Winchester, VA-WV (Metropolitan Statistical Area) *",7092067,7414777,7605319
49180,"Winston-Salem, NC (Metropolitan Statistical Area)",35067673,36683262,34012531
49340,"Worcester, MA-CT (Metropolitan Statistical Area)",49522312,51287269,50892934
49420,"Yakima, WA (Metropolitan Statistical Area)",10515639,10849934,10965764
49620,"York-Hanover, PA (Metropolitan Statistical Area)",21346125,22320783,21464969
49660,"Youngstown-Warren-Boardman, OH-PA (Metropolitan Statistical Area)",21220057,21860756,20967515
49700,"Yuba City, CA (Metropolitan Statistical Area)",6959382,7214268,7384911
49740,"Yuma, AZ (Metropolitan Statistical Area)",7783914,7980325,8118717
,,,,
Legend/Footnotes,,,,
"* Broomfield County, CO, was created from parts of Adams, Boulder, Jefferson, and Weld counties effective November 15, 2001. Estimates for Broomfield county begin with 2002.",,,,
"* Virginia combination areas consist of one or two independent cities with 1980 populations of less than 100,000 combined with an adjacent county. The county name appears first, followed by the city name(s). Separate estimates for the jurisdictions making up the combination area are not available. Bedford County, VA includes the independent city of Bedford for all years.",,,,
"  Metropolitan Areas are defined (geographically delineated) by the Office of Management and Budget (OMB) bulletin no. 20-01 issued March 6, 2020.",,,,
"  Last updated: December 8, 2021 -- new statistics for 2020, revised statistics for 2001-2019.",,,,